alpha1,alpha2,beta_q,mu1,mu2,kappa,merger_rate,N_sources,observation_time,volume,expected_N
2.9,5.2345116371241645,0.4118551692393342,10.067562141236541,35.400000000000006,2.681976653625702,20.34868119745936,100000,5.0,1027.9613577394045,104588.28975973309
