alpha1,alpha2,beta_q,mu1,mu2,kappa,merger_rate,N_sources,observation_time,volume,expected_N
0.7595036943956222,3.2,1.6572330956446224,10.100000000000001,35.400000000000006,3.386192069289193,17.067606048155234,13961,5.0,162.17402347565073,13839.611719633427
