{
  "meta": {
    "params": [
      "M",
      "mu"
    ],
    "T_obs_yr": 0.02,
    "DT": 20.0,
    "FMIN": 0.0001,
    "FMAX": 0.01,
    "USE_T": false,
    "PINV_RCOND": 1e-12,
    "ENABLE_SCALED_FISHER": true,
    "SCALE_MODE": "value",
    "USE_INTERP_RESPONSE": true,
    "rel_steps": [
      1e-06,
      1e-05
    ],
    "max_bins_grid": [
      2000,
      4000
    ],
    "reference": {
      "max_bins": 4000,
      "rel_step": 1e-06
    }
  },
  "records": [
    {
      "params": [
        "M",
        "mu"
      ],
      "max_bins": 2000,
      "stride": 4,
      "n_full_fft": 15780,
      "n_band_used": 1562,
      "rel_step": 1e-06,
      "result": {
        "params": [
          "M",
          "mu"
        ],
        "snr": 152720.90895612707,
        "fisher": [
          [
            202.59227780200032,
            -800.6015397755779
          ],
          [
            -800.6015397755779,
            14585334.788060715
          ]
        ],
        "cov": [
          [
            0.0049370932342359935,
            2.710012833289191e-07
          ],
          [
            2.710012833288191e-07,
            6.857689443395386e-08
          ]
        ],
        "sigma": {
          "M": 0.0702644521378769,
          "mu": 0.0002618719046288736
        },
        "frequency_size": 1562
      },
      "metrics": {
        "cond_input": 72009.15813513557,
        "min_eig_input": 202.54833148633065,
        "max_eig_input": 14585334.832007032,
        "cond_raw": 72009.15813513557,
        "min_eig_raw": 202.54833148633065,
        "max_eig_raw": 14585334.832007032,
        "rank_raw": 2,
        "sigma_raw": {
          "M": 0.0702644521378769,
          "mu": 0.0002618719046288736
        },
        "corr_raw": [
          [
            1.0,
            0.014728101762572481
          ],
          [
            0.014728101762567046,
            1.0
          ]
        ],
        "cond_scaled": 160552.706430692,
        "rank_scaled": 2,
        "sigma_scaled": {
          "M": 0.0702644521378769,
          "mu": 0.0002618719046288736
        },
        "corr_scaled": [
          [
            1.0,
            0.014728101762567052
          ],
          [
            0.01472810176256705,
            1.0
          ]
        ],
        "prior_rel": 0.0,
        "prior_sigmas": null
      },
      "delta_fisher_ref": 1.2196312832497073e-08,
      "delta_sigma_raw_ref": 6.141807410378593e-09,
      "delta_sigma_raw_ref_map": {
        "M": 5.63431714951872e-10,
        "mu": 6.141807410378593e-09
      },
      "delta_sigma_scaled_ref": 6.141807410378593e-09,
      "delta_sigma_scaled_ref_map": {
        "M": 5.634323074757175e-10,
        "mu": 6.141807410378593e-09
      },
      "max_sigma_ref_rel": 6.141807410378593e-09
    },
    {
      "params": [
        "M",
        "mu"
      ],
      "max_bins": 2000,
      "stride": 4,
      "n_full_fft": 15780,
      "n_band_used": 1562,
      "rel_step": 1e-05,
      "result": {
        "params": [
          "M",
          "mu"
        ],
        "snr": 152720.90895612707,
        "fisher": [
          [
            202.57729067530187,
            -800.6118408574109
          ],
          [
            -800.6118408574109,
            14585334.539625598
          ]
        ],
        "cov": [
          [
            0.00493745859841437,
            2.7102483024201245e-07
          ],
          [
            2.7102483024261533e-07,
            6.857689708596384e-08
          ]
        ],
        "sigma": {
          "M": 0.07026705201169585,
          "mu": 0.00026187190969243694
        },
        "frequency_size": 1562
      },
      "metrics": {
        "cond_input": 72014.48586740189,
        "min_eig_input": 202.53334322803536,
        "max_eig_input": 14585334.583573045,
        "cond_raw": 72014.48586740189,
        "min_eig_raw": 202.53334322803536,
        "max_eig_raw": 14585334.583573045,
        "rank_raw": 2,
        "sigma_raw": {
          "M": 0.07026705201169585,
          "mu": 0.00026187190969243694
        },
        "corr_raw": [
          [
            1.0,
            0.014728836195803405
          ],
          [
            0.014728836195836167,
            1.0
          ]
        ],
        "cond_scaled": 160540.83546512088,
        "rank_scaled": 2,
        "sigma_scaled": {
          "M": 0.07026705201169593,
          "mu": 0.000261871909692437
        },
        "corr_scaled": [
          [
            1.0,
            0.014728836195836169
          ],
          [
            0.014728836195836181,
            1.0
          ]
        ],
        "prior_rel": 0.0,
        "prior_sigmas": null
      },
      "delta_fisher_ref": 5.041744640462691e-09,
      "delta_sigma_raw_ref": 3.700070446954451e-05,
      "delta_sigma_raw_ref_map": {
        "M": 3.700070446954451e-05,
        "mu": 1.3194223746662283e-08
      },
      "delta_sigma_scaled_ref": 3.700070447013701e-05,
      "delta_sigma_scaled_ref_map": {
        "M": 3.700070447013701e-05,
        "mu": 1.3194223953672305e-08
      },
      "max_sigma_ref_rel": 3.700070447013701e-05
    },
    {
      "params": [
        "M",
        "mu"
      ],
      "max_bins": 4000,
      "stride": 2,
      "n_full_fft": 15780,
      "n_band_used": 3124,
      "rel_step": 1e-06,
      "result": {
        "params": [
          "M",
          "mu"
        ],
        "snr": 152720.90888026613,
        "fisher": [
          [
            202.59227759139503,
            -800.6016955690321
          ],
          [
            -800.6016955690321,
            14585334.610173548
          ]
        ],
        "cov": [
          [
            0.004937093239799423,
            2.710013396745805e-07
          ],
          [
            2.710013396750445e-07,
            6.857689527632603e-08
          ]
        ],
        "sigma": {
          "M": 0.07026445217746612,
          "mu": 0.0002618719062372404
        },
        "frequency_size": 3124
      },
      "metrics": {
        "cond_input": 72009.15733803468,
        "min_eig_input": 202.54833125808585,
        "max_eig_input": 14585334.65411988,
        "cond_raw": 72009.15733803468,
        "min_eig_raw": 202.54833125808585,
        "max_eig_raw": 14585334.65411988,
        "rank_raw": 2,
        "sigma_raw": {
          "M": 0.07026445217746612,
          "mu": 0.0002618719062372404
        },
        "corr_raw": [
          [
            1.0,
            0.01472810472603364
          ],
          [
            0.014728104726058858,
            1.0
          ]
        ],
        "cond_scaled": 160552.70823595693,
        "rank_scaled": 2,
        "sigma_scaled": {
          "M": 0.07026445217746616,
          "mu": 0.0002618719062372404
        },
        "corr_scaled": [
          [
            1.0,
            0.014728104726058858
          ],
          [
            0.014728104726058858,
            1.0
          ]
        ],
        "prior_rel": 0.0,
        "prior_sigmas": null
      },
      "delta_fisher_ref": 0.0,
      "delta_sigma_raw_ref": 0.0,
      "delta_sigma_raw_ref_map": {
        "M": 0.0,
        "mu": 0.0
      },
      "delta_sigma_scaled_ref": 0.0,
      "delta_sigma_scaled_ref_map": {
        "M": 0.0,
        "mu": 0.0
      },
      "max_sigma_ref_rel": 0.0
    },
    {
      "params": [
        "M",
        "mu"
      ],
      "max_bins": 4000,
      "stride": 2,
      "n_full_fft": 15780,
      "n_band_used": 3124,
      "rel_step": 1e-05,
      "result": {
        "params": [
          "M",
          "mu"
        ],
        "snr": 152720.90888026613,
        "fisher": [
          [
            202.57729046589594,
            -800.6119413433828
          ],
          [
            -800.6119413433828,
            14585334.556016048
          ]
        ],