{
  "meta": {
    "params": [
      "M",
      "mu",
      "dist"
    ],
    "param_values": {
      "M": 4300000.0,
      "mu": 40.0,
      "dist": 8e-06
    },
    "T_obs_yr": 0.02,
    "DT": 20.0,
    "FMIN": 0.0001,
    "FMAX": 0.01,
    "USE_T": false,
    "PINV_RCOND": 1e-12,
    "ENABLE_SCALED_FISHER": true,
    "SCALE_MODE": "value",
    "USE_INTERP_RESPONSE": true,
    "rel_steps": [
      1e-06,
      1e-05
    ],
    "max_bins_grid": [
      2000,
      4000
    ],
    "reference": {
      "max_bins": 4000,
      "rel_step": 1e-06
    }
  },
  "records": [
    {
      "params": [
        "M",
        "mu",
        "dist"
      ],
      "max_bins": 2000,
      "stride": 4,
      "n_full_fft": 15780,
      "n_band_used": 1562,
      "rel_step": 1e-06,
      "result": {
        "params": [
          "M",
          "mu",
          "dist"
        ],
        "snr": 152720.90895612707,
        "fisher": [
          [
            202.59227780200032,
            -800.6015397755779,
            1364453418.1324701
          ],
          [
            -800.6015397755779,
            14585334.788060715,
            -72902170330172.86
          ],
          [
            1364453418.1324701,
            -72902170330172.86,
            3.6443242897332935e+20
          ]
        ],
        "cov": [
          [
            3.846687183373364e-44,
            -2.055171762916909e-39,
            1.0273648015211742e-32
          ],
          [
            -2.0552687277883874e-39,
            1.0980695994241634e-34,
            -5.48916677634623e-28
          ],
          [
            1.0274132741414552e-32,
            -5.489166779633566e-28,
            2.743992906495992e-21
          ]
        ],
        "sigma": {
          "M": 1.9612973215128206e-22,
          "mu": 1.0478881616967353e-17,
          "dist": 5.238313570698104e-11
        },
        "frequency_size": 1562
      },
      "metrics": {
        "cond_input": 8.905319844449293e+18,
        "min_eig_input": 191.85852100940184,
        "max_eig_input": 3.64432428973344e+20,
        "cond_raw": 8.905319844449293e+18,
        "min_eig_raw": 191.85852100940184,
        "max_eig_raw": 3.64432428973344e+20,
        "rank_raw": 1,
        "sigma_raw": {
          "M": 1.9612973215128206e-22,
          "mu": 1.0478881616967353e-17,
          "dist": 5.238313570698104e-11
        },
        "corr_raw": [
          [
            1.0,
            -0.9999764103803402,
            0.9999764100809089
          ],
          [
            -1.000023590176143,
            1.0,
            -0.9999999997005615
          ],
          [
            1.0000235904755885,
            -1.0000000002994387,
            1.0
          ]
        ],
        "cond_scaled": 12044282645.118273,
        "rank_scaled": 3,
        "sigma_scaled": {
          "M": 0.14960819805398787,
          "mu": 0.05071284492412786,
          "dist": 1.0144392295054556e-08
        },
        "corr_scaled": [
          [
            1.0,
            0.8828732208177528,
            0.8828492725994709
          ],
          [
            0.8828732208177547,
            1.0,
            0.9999866674026288
          ],
          [
            0.8828492725994685,
            0.9999866674026283,
            1.0
          ]
        ],
        "prior_rel": 0.0,
        "prior_sigmas": null
      },
      "delta_fisher_ref": 1.3408729805152372e-08,
      "delta_sigma_raw_ref": 1.4404128242280271e-06,
      "delta_sigma_raw_ref_map": {
        "M": 1.4404128242280271e-06,
        "dist": 6.704364783142162e-09,
        "mu": 7.617215050596958e-09
      },
      "delta_sigma_scaled_ref": 9.503124371516583e-07,
      "delta_sigma_scaled_ref_map": {
        "M": 9.503124371516583e-07,
        "dist": 3.843429598873415e-08,
        "mu": 3.906900452677425e-08
      },
      "max_sigma_ref_rel": 9.503124371516583e-07
    },
    {
      "params": [
        "M",
        "mu",
        "dist"
      ],
      "max_bins": 2000,
      "stride": 4,
      "n_full_fft": 15780,
      "n_band_used": 1562,
      "rel_step": 1e-05,
      "result": {
        "params": [
          "M",
          "mu",
          "dist"
        ],
        "snr": 152720.90895612707,
        "fisher": [
          [
            202.57729067530187,
            -800.6118408574109,
            1364436195.3357217
          ],
          [
            -800.6118408574109,
            14585334.539625598,
            -72902170013446.4
          ],
          [
            1364436195.3357217,
            -72902170013446.4,
            3.644324363921605e+20
          ]
        ],
        "cov": [
          [
            3.84641035407451e-44,
            -2.05514568709639e-39,
            1.0273517917933535e-32
          ],
          [
            -2.0551467517785206e-39,
            1.0980695231317912e-34,
            -5.489166530558517e-28
          ],
          [
            1.0273523243453338e-32,
            -5.48916653229731e-28,
            2.743992850635925e-21
          ]
        ],
        "sigma": {
          "M": 1.9612267472361552e-22,
          "mu": 1.0478881252938173e-17,
          "dist": 5.238313517379353e-11
        },
        "frequency_size": 1562
      },
      "metrics": {
        "cond_input": 8.906698443737578e+18,
        "min_eig_input": 189.76171418728214,
        "max_eig_input": 3.644324363921752e+20,
        "cond_raw": 8.906698443737578e+18,
        "min_eig_raw": 189.76171418728214,
        "max_eig_raw": 3.644324363921752e+20,
        "rank_raw": 1,
        "sigma_raw": {
          "M": 1.9612267472361552e-22,
          "mu": 1.0478881252938173e-17,
          "dist": 5.238313517379353e-11
        },
        "corr_raw": [
          [
            1.0,
            -0.9999997409717173,
            0.9999997408133332
          ],
          [
            -1.00000025902835,
            1.0,
            -0.9999999998416161
          ],
          [
            1.000000259186734,
            -1.0000000001583844,
            1.0
          ]
        ],
        "cond_scaled": 12043334321.671627,
        "rank_scaled": 3,
        "sigma_scaled": {
          "M": 0.14962080998624466,
          "mu": 0.05071272496217161,
          "dist": 1.0144368005173717e-08
        },
        "corr_scaled": [
          [
            1.0,
            0.8828850368035586,
            0.8828610886220022
          ],
          [
            0.882885036803561,
            1.0,
            0.9999866673390353
          ],
          [
            0.8828610886220009,
            0.9999866673390354,
            1.0
          ]
        ],
        "prior_rel": 0.0,
        "prior_sigmas": null
      },
      "delta_fisher_ref": 3.376595019867448e-08,
      "delta_sigma_raw_ref": 3.742382759526524e-05,
      "delta_sigma_raw_ref_map": {
        "M": 3.742382759526524e-05,
        "dist": 1.6882974749417285e-08,
        "mu": 4.2356530808288895e-08
      },
      "delta_sigma_scaled_ref": 8.525013294244347e-05,
      "delta_sigma_scaled_ref_map": {
        "M": 8.525013294244347e-05,
        "dist": 2.355980378285266e-06,
        "mu": 2.3264453166841798e-06
      },
      "max_sigma_ref_rel": 8.525013294244347e-05
    },
    {
      "params": [
        "M",
        "mu",
        "dist"
      ],
      "max_bins": 4000,
      "stride": 2,
      "n_full_fft": 15780,
      "n_band_used": 3124,
      "rel_step": 1e-06,
      "result": {
        "params": [
          "M",
          "mu",
          "dist"
        ],
        "snr": 152720.90888026613,
        "fisher": [
          [
            202.59227759139503,
            -800.6016955690321,
            1364457312.3020878
          ],
          [
            -800.6016955690321,
            14585334.610173548,
            -72902169404824.6
          ],
          [
            1364457312.3020878,
            -72902169404824.6,
            3.6443242408675344e+20
          ]
        ],